sample_id,hap1_fasta,hap2_fasta,hifi_reads_all,ont_reads_all,child_ilm,hifi_cov,downsample,ont_cov,hifi_downsampled_bam,ilm_cov,DeepPolisherModelFiles,DeepPolisherDocker,DeepPolisherNoFiltersVcf,modifiedReadBlocksVariantsBed,variantBlocksBed,DeepPolisherVcfUnfiltered,DeepPolisherVcf,finalPhasedDipBai,finalPhasedDipBam,polishedAsmHap2,polishedAsmHap1,mat_yak,pat_yak
mGorGor1,s3://genomeark/species/Gorilla_gorilla/mGorGor1/assembly_verkko_1.4.1r/mGorGor1.pat.20230906.fasta.gz,s3://genomeark/species/Gorilla_gorilla/mGorGor1/assembly_verkko_1.4.1r/mGorGor1.mat.20230906.fasta.gz,"[""s3://genomeark/species/Gorilla_gorilla/mGorGor1/assembly_verkko_1.4.1r/alignments/winnowmap.analysis-dip.HiFi.bam""]","[""s3://genomeark/species/Gorilla_gorilla/mGorGor1/assembly_verkko_1.4.1r/alignments/winnowmap.analysis-dip.ONT_nomethyl.bam""]",/private/groups/patenlab/mira/t2t_primates_polishing/reads/ilm/mGorGor1/bwa.analysis-dip.illumina.dedup.bam,141.048,0.28,108.68,/private/groups/patenlab/mira/t2t_primates_polishing/reads/hifi/mGorGor1/winnowmap.analysis-dip.HiFi.bam.40x.bam,38,/private/groups/patenlab/mira/hprc_polishing/data/DeepPolisher_models/checkpoint-665.tar.gz,"""google/deepconsensus:polisher_v0.0.8_12122023""",/private/groups/patenlab/mira/t2t_primates_polishing/hprc_DeepPolisher/mGorGor1/analysis/hprc_DeepPolisher_outputs/polisher_output.no_filters.vcf.gz,/private/groups/patenlab/mira/t2t_primates_polishing/hprc_DeepPolisher/mGorGor1/analysis/hprc_DeepPolisher_outputs/secphase_v0.4.3.modified_read_blocks.variants.bed,/private/groups/patenlab/mira/t2t_primates_polishing/hprc_DeepPolisher/mGorGor1/analysis/hprc_DeepPolisher_outputs/secphase_v0.4.3.variant_blocks.bed,/private/groups/patenlab/mira/t2t_primates_polishing/hprc_DeepPolisher/mGorGor1/analysis/hprc_DeepPolisher_outputs/polisher_output.no_filters.vcf.gz,/private/groups/patenlab/mira/t2t_primates_polishing/hprc_DeepPolisher/mGorGor1/analysis/hprc_DeepPolisher_outputs/polisher_output.vcf.gz,/private/groups/patenlab/mira/t2t_primates_polishing/hprc_DeepPolisher/mGorGor1/analysis/hprc_DeepPolisher_outputs/mGorGor1.hifi.to.diploid.asm.PHARAOH.bam.bai,/private/groups/patenlab/mira/t2t_primates_polishing/hprc_DeepPolisher/mGorGor1/analysis/hprc_DeepPolisher_outputs/mGorGor1.hifi.to.diploid.asm.PHARAOH.bam,/private/groups/patenlab/mira/t2t_primates_polishing/hprc_DeepPolisher/mGorGor1/analysis/hprc_DeepPolisher_outputs/mGorGor1_Hap2.polished.fasta,/private/groups/patenlab/mira/t2t_primates_polishing/hprc_DeepPolisher/mGorGor1/analysis/hprc_DeepPolisher_outputs/mGorGor1_Hap1.polished.fasta,,
mPanPan1,s3://genomeark/species/Pan_paniscus/mPanPan1/assembly_verkko_1.4.1r/mPanPan1.pat.20230906.fasta.gz,s3://genomeark/species/Pan_paniscus/mPanPan1/assembly_verkko_1.4.1r/mPanPan1.mat.20230906.fasta.gz,"[""s3://genomeark/species/Pan_paniscus/mPanPan1/assembly_verkko_1.4.1r/alignments/winnowmap.analysis-dip.HiFi.bam""]","[""s3://genomeark/species/Pan_paniscus/mPanPan1/assembly_verkko_1.4.1r/alignments/winnowmap.analysis-dip.ONT.bam""]",/private/groups/patenlab/mira/t2t_primates_polishing/reads/ilm/mPanPan1/bwa.analysis-dip.illumina.dedup.bam,161.139,0.25,369.961,/private/groups/patenlab/mira/t2t_primates_polishing/reads/hifi/mPanPan1/winnowmap.analysis-dip.HiFi.bam.40x.bam,23,/private/groups/patenlab/mira/hprc_polishing/data/DeepPolisher_models/checkpoint-665.tar.gz,"""google/deepconsensus:polisher_v0.0.8_12122023""",,,,,,,,,,,
mPanTro3,s3://genomeark/species/Pan_troglodytes/mPanTro3/assembly_verkko_1.4.1r/mPanTro3.hap1.20230906.fasta.gz,s3://genomeark/species/Pan_troglodytes/mPanTro3/assembly_verkko_1.4.1r/mPanTro3.hap2.20230906.fasta.gz,"[""s3://genomeark/species/Pan_troglodytes/mPanTro3/assembly_verkko_1.4.1r/alignments/winnowmap.analysis-dip.HiFi.bam""]","[""s3://genomeark/species/Pan_troglodytes/mPanTro3/assembly_verkko_1.4.1r/alignments/winnowmap.analysis-dip.ONT.bam""]",/private/groups/patenlab/mira/t2t_primates_polishing/reads/ilm/mPanTro3/bwa.analysis-dip.illumina.dedup.bam,84.5195,0.47,341.213,/private/groups/patenlab/mira/t2t_primates_polishing/reads/hifi/mPanTro3/winnowmap.analysis-dip.HiFi.bam.40x.bam,26,/private/groups/patenlab/mira/hprc_polishing/data/DeepPolisher_models/checkpoint-665.tar.gz,"""google/deepconsensus:polisher_v0.0.8_12122023""",/private/groups/patenlab/mira/t2t_primates_polishing/hprc_DeepPolisher/mPanTro3/analysis/hprc_DeepPolisher_outputs/polisher_output.no_filters.vcf.gz,/private/groups/patenlab/mira/t2t_primates_polishing/hprc_DeepPolisher/mPanTro3/analysis/hprc_DeepPolisher_outputs/secphase_v0.4.3.modified_read_blocks.variants.bed,/private/groups/patenlab/mira/t2t_primates_polishing/hprc_DeepPolisher/mPanTro3/analysis/hprc_DeepPolisher_outputs/secphase_v0.4.3.variant_blocks.bed,/private/groups/patenlab/mira/t2t_primates_polishing/hprc_DeepPolisher/mPanTro3/analysis/hprc_DeepPolisher_outputs/polisher_output.no_filters.vcf.gz,/private/groups/patenlab/mira/t2t_primates_polishing/hprc_DeepPolisher/mPanTro3/analysis/hprc_DeepPolisher_outputs/polisher_output.vcf.gz,/private/groups/patenlab/mira/t2t_primates_polishing/hprc_DeepPolisher/mPanTro3/analysis/hprc_DeepPolisher_outputs/mPanTro3.hifi.to.diploid.asm.PHARAOH.bam.bai,/private/groups/patenlab/mira/t2t_primates_polishing/hprc_DeepPolisher/mPanTro3/analysis/hprc_DeepPolisher_outputs/mPanTro3.hifi.to.diploid.asm.PHARAOH.bam,/private/groups/patenlab/mira/t2t_primates_polishing/hprc_DeepPolisher/mPanTro3/analysis/hprc_DeepPolisher_outputs/mPanTro3_Hap2.polished.fasta,/private/groups/patenlab/mira/t2t_primates_polishing/hprc_DeepPolisher/mPanTro3/analysis/hprc_DeepPolisher_outputs/mPanTro3_Hap1.polished.fasta,/private/groups/patenlab/mira/t2t_primates_polishing/hprc_DeepPolisher/mGorGor1/analysis/hprc_DeepPolisher_outputs/polisher_output.no_filters.vcf.gz,/private/groups/patenlab/mira/t2t_primates_polishing/hprc_DeepPolisher/mGorGor1/analysis/hprc_DeepPolisher_outputs/polisher_output.no_filters.vcf.gz
mPonAbe1,s3://genomeark/species/Pongo_abelii/mPonAbe1/assembly_verkko_1.4.1r/mPonAbe1.hap1.20230906.fasta.gz,s3://genomeark/species/Pongo_abelii/mPonAbe1/assembly_verkko_1.4.1r/mPonAbe1.hap2.20230906.fasta.gz,"[""s3://genomeark/species/Pongo_abelii/mPonAbe1/assembly_verkko_1.4.1r/alignments/winnowmap.analysis-dip.HiFi.bam""]","[""s3://genomeark/species/Pongo_abelii/mPonAbe1/assembly_verkko_1.4.1r/alignments/winnowmap.analysis-dip.ONT.bam""]",/private/groups/patenlab/mira/t2t_primates_polishing/reads/ilm/mPonAbe1/bwa.analysis-dip.illumina.dedup.bam,126.857,0.32,209.229,/private/groups/patenlab/mira/t2t_primates_polishing/reads/hifi/mPonAbe1/winnowmap.analysis-dip.HiFi.bam.40x.bam,29,/private/groups/patenlab/mira/hprc_polishing/data/DeepPolisher_models/checkpoint-665.tar.gz,"""google/deepconsensus:polisher_v0.0.8_12122023""",/private/groups/patenlab/mira/t2t_primates_polishing/hprc_DeepPolisher/mPonAbe1/analysis/hprc_DeepPolisher_outputs/polisher_output.no_filters.vcf.gz,/private/groups/patenlab/mira/t2t_primates_polishing/hprc_DeepPolisher/mPonAbe1/analysis/hprc_DeepPolisher_outputs/secphase_v0.4.3.modified_read_blocks.variants.bed,/private/groups/patenlab/mira/t2t_primates_polishing/hprc_DeepPolisher/mPonAbe1/analysis/hprc_DeepPolisher_outputs/secphase_v0.4.3.variant_blocks.bed,/private/groups/patenlab/mira/t2t_primates_polishing/hprc_DeepPolisher/mPonAbe1/analysis/hprc_DeepPolisher_outputs/polisher_output.no_filters.vcf.gz,/private/groups/patenlab/mira/t2t_primates_polishing/hprc_DeepPolisher/mPonAbe1/analysis/hprc_DeepPolisher_outputs/polisher_output.vcf.gz,/private/groups/patenlab/mira/t2t_primates_polishing/hprc_DeepPolisher/mPonAbe1/analysis/hprc_DeepPolisher_outputs/mPonAbe1.hifi.to.diploid.asm.PHARAOH.bam.bai,/private/groups/patenlab/mira/t2t_primates_polishing/hprc_DeepPolisher/mPonAbe1/analysis/hprc_DeepPolisher_outputs/mPonAbe1.hifi.to.diploid.asm.PHARAOH.bam,/private/groups/patenlab/mira/t2t_primates_polishing/hprc_DeepPolisher/mPonAbe1/analysis/hprc_DeepPolisher_outputs/mPonAbe1_Hap2.polished.fasta,/private/groups/patenlab/mira/t2t_primates_polishing/hprc_DeepPolisher/mPonAbe1/analysis/hprc_DeepPolisher_outputs/mPonAbe1_Hap1.polished.fasta,/private/groups/patenlab/mira/t2t_primates_polishing/hprc_DeepPolisher/mGorGor1/analysis/hprc_DeepPolisher_outputs/polisher_output.no_filters.vcf.gz,/private/groups/patenlab/mira/t2t_primates_polishing/hprc_DeepPolisher/mGorGor1/analysis/hprc_DeepPolisher_outputs/polisher_output.no_filters.vcf.gz
mPonPyg2,s3://genomeark/species/Pongo_pygmaeus/mPonPyg2/assembly_verkko_1.4.1r/mPonPyg2.hap1.20230906.fasta.gz,s3://genomeark/species/Pongo_pygmaeus/mPonPyg2/assembly_verkko_1.4.1r/mPonPyg2.hap2.20230906.fasta.gz,"[""s3://genomeark/species/Pongo_pygmaeus/mPonPyg2/assembly_verkko_1.4.1r/alignments/winnowmap.analysis-dip.HiFi.bam""]","[""s3://genomeark/species/Pongo_pygmaeus/mPonPyg2/assembly_verkko_1.4.1r/alignments/winnowmap.analysis-dip.ONT.bam""]",/private/groups/patenlab/mira/t2t_primates_polishing/reads/ilm/mPonPyg2/bwa.analysis-dip.illumina.dedup.bam,81.0193,0.49,375.83,/private/groups/patenlab/mira/t2t_primates_polishing/reads/hifi/mPonPyg2/winnowmap.analysis-dip.HiFi.bam.40x.bam,24,/private/groups/patenlab/mira/hprc_polishing/data/DeepPolisher_models/checkpoint-665.tar.gz,"""google/deepconsensus:polisher_v0.0.8_12122023""",/private/groups/patenlab/mira/t2t_primates_polishing/hprc_DeepPolisher/mPonPyg2/analysis/hprc_DeepPolisher_outputs/polisher_output.no_filters.vcf.gz,/private/groups/patenlab/mira/t2t_primates_polishing/hprc_DeepPolisher/mPonPyg2/analysis/hprc_DeepPolisher_outputs/secphase_v0.4.3.modified_read_blocks.variants.bed,/private/groups/patenlab/mira/t2t_primates_polishing/hprc_DeepPolisher/mPonPyg2/analysis/hprc_DeepPolisher_outputs/secphase_v0.4.3.variant_blocks.bed,/private/groups/patenlab/mira/t2t_primates_polishing/hprc_DeepPolisher/mPonPyg2/analysis/hprc_DeepPolisher_outputs/polisher_output.no_filters.vcf.gz,/private/groups/patenlab/mira/t2t_primates_polishing/hprc_DeepPolisher/mPonPyg2/analysis/hprc_DeepPolisher_outputs/polisher_output.vcf.gz,/private/groups/patenlab/mira/t2t_primates_polishing/hprc_DeepPolisher/mPonPyg2/analysis/hprc_DeepPolisher_outputs/mPonPyg2.hifi.to.diploid.asm.PHARAOH.bam.bai,/private/groups/patenlab/mira/t2t_primates_polishing/hprc_DeepPolisher/mPonPyg2/analysis/hprc_DeepPolisher_outputs/mPonPyg2.hifi.to.diploid.asm.PHARAOH.bam,/private/groups/patenlab/mira/t2t_primates_polishing/hprc_DeepPolisher/mPonPyg2/analysis/hprc_DeepPolisher_outputs/mPonPyg2_Hap2.polished.fasta,/private/groups/patenlab/mira/t2t_primates_polishing/hprc_DeepPolisher/mPonPyg2/analysis/hprc_DeepPolisher_outputs/mPonPyg2_Hap1.polished.fasta,/private/groups/patenlab/mira/t2t_primates_polishing/hprc_DeepPolisher/mGorGor1/analysis/hprc_DeepPolisher_outputs/polisher_output.no_filters.vcf.gz,/private/groups/patenlab/mira/t2t_primates_polishing/hprc_DeepPolisher/mGorGor1/analysis/hprc_DeepPolisher_outputs/polisher_output.no_filters.vcf.gz
mSymSyn1,s3://genomeark/species/Symphalangus_syndactylus/mSymSyn1/assembly_verkko_1.4.1r/mSymSyn1.hap1.20230906.fasta.gz,s3://genomeark/species/Symphalangus_syndactylus/mSymSyn1/assembly_verkko_1.4.1r/mSymSyn1.hap2.20230906.fasta.gz,"[""s3://genomeark/species/Symphalangus_syndactylus/mSymSyn1/assembly_verkko_1.4.1r/alignments/winnowmap.analysis-dip.HiFi.bam""]","[""s3://genomeark/species/Symphalangus_syndactylus/mSymSyn1/assembly_verkko_1.4.1r/alignments/winnowmap.analysis-dip.ONT.bam""]",/private/groups/patenlab/mira/t2t_primates_polishing/reads/ilm/mSymSyn1/bwa.analysis-dip.illumina.dedup.30x.bam,98.0202,0.41,310.033,/private/groups/patenlab/mira/t2t_primates_polishing/reads/hifi/mSymSyn1/winnowmap.analysis-dip.HiFi.bam.40x.bam,30,/private/groups/patenlab/mira/hprc_polishing/data/DeepPolisher_models/checkpoint-665.tar.gz,"""google/deepconsensus:polisher_v0.0.8_12122023""",/private/groups/patenlab/mira/t2t_primates_polishing/hprc_DeepPolisher/mSymSyn1/analysis/hprc_DeepPolisher_outputs/polisher_output.no_filters.vcf.gz,/private/groups/patenlab/mira/t2t_primates_polishing/hprc_DeepPolisher/mSymSyn1/analysis/hprc_DeepPolisher_outputs/secphase_v0.4.3.modified_read_blocks.variants.bed,/private/groups/patenlab/mira/t2t_primates_polishing/hprc_DeepPolisher/mSymSyn1/analysis/hprc_DeepPolisher_outputs/secphase_v0.4.3.variant_blocks.bed,/private/groups/patenlab/mira/t2t_primates_polishing/hprc_DeepPolisher/mSymSyn1/analysis/hprc_DeepPolisher_outputs/polisher_output.no_filters.vcf.gz,/private/groups/patenlab/mira/t2t_primates_polishing/hprc_DeepPolisher/mSymSyn1/analysis/hprc_DeepPolisher_outputs/polisher_output.vcf.gz,/private/groups/patenlab/mira/t2t_primates_polishing/hprc_DeepPolisher/mSymSyn1/analysis/hprc_DeepPolisher_outputs/mSymSyn1.hifi.to.diploid.asm.PHARAOH.bam.bai,/private/groups/patenlab/mira/t2t_primates_polishing/hprc_DeepPolisher/mSymSyn1/analysis/hprc_DeepPolisher_outputs/mSymSyn1.hifi.to.diploid.asm.PHARAOH.bam,/private/groups/patenlab/mira/t2t_primates_polishing/hprc_DeepPolisher/mSymSyn1/analysis/hprc_DeepPolisher_outputs/mSymSyn1_Hap2.polished.fasta,/private/groups/patenlab/mira/t2t_primates_polishing/hprc_DeepPolisher/mSymSyn1/analysis/hprc_DeepPolisher_outputs/mSymSyn1_Hap1.polished.fasta,/private/groups/patenlab/mira/t2t_primates_polishing/hprc_DeepPolisher/mGorGor1/analysis/hprc_DeepPolisher_outputs/polisher_output.no_filters.vcf.gz,/private/groups/patenlab/mira/t2t_primates_polishing/hprc_DeepPolisher/mGorGor1/analysis/hprc_DeepPolisher_outputs/polisher_output.no_filters.vcf.gz
Baguette_hifiasm,/private/groups/cgl/pnhebbar/marmoset/Baguette/hifiasm_primary_deeppolisher/baguette_hifiasm_hic_phased.asm.hic.hap1.p_ctg.formatted.fa,/private/groups/cgl/pnhebbar/marmoset/Baguette/hifiasm_primary_deeppolisher/baguette_hifiasm_hic_phased.asm.hic.hap2.p_ctg.formatted.fa,"[""/private/nanopore/basecalled/marmoset/Baguette/genomic_data/PacBio_HiFi/m84046_240209_155715_s4.hifi_reads.bc2014.bam"",""/private/nanopore/basecalled/marmoset/Baguette/genomic_data/PacBio_HiFi/m84046_240218_112408_s3.hifi_reads.bc2014.bam"",""/private/nanopore/basecalled/marmoset/Baguette/genomic_data/PacBio_HiFi/m84046_240218_132334_s4.hifi_reads.bc2014.bam""]","[""/private/nanopore/basecalled/marmoset/Baguette/genomic_data/ont_Baguette/01_09_24_R1041_UL_Marmoset_Baguette_1_dorado0.5.3_sup4.3.0_5mCG_5hmCG.bam"",""/private/nanopore/basecalled/marmoset/Baguette/genomic_data/ont_Baguette/12_05_23_R1041_UL_Marmoset_Baguette_1_dorado0.5.3_sup4.3.0_5mCG_5hmCG.bam"",""/private/nanopore/basecalled/marmoset/Baguette/genomic_data/ont_Baguette/12_05_23_R1041_UL_Marmoset_Baguette_2_dorado0.5.3_sup4.3.0_5mCG_5hmCG.bam"",""/private/nanopore/basecalled/marmoset/Baguette/genomic_data/ont_Baguette/12_05_23_R1041_UL_Marmoset_Baguette_3_dorado0.5.3_sup4.3.0_5mCG_5hmCG.bam""]","[""/private/nanopore/basecalled/marmoset/Illumina_WGS/240_GT24-00124_GTTACGCANNNNNNNNN-ATGGCGAT_S113_L006_R1_001.fastq.gz"",""/private/nanopore/basecalled/marmoset/Illumina_WGS/240_GT24-00124_GTTACGCANNNNNNNNN-ATGGCGAT_S113_L006_R2_001.fastq.gz"",""/private/nanopore/basecalled/marmoset/Illumina_WGS/240_GT24-00124_GTTACGCANNNNNNNNN-ATGGCGAT_S113_L007_R1_001.fastq.gz"",""/private/nanopore/basecalled/marmoset/Illumina_WGS/240_GT24-00124_GTTACGCANNNNNNNNN-ATGGCGAT_S113_L007_R2_001.fastq.gz""]",61.33,,,"[""/private/nanopore/basecalled/marmoset/Baguette/genomic_data/PacBio_HiFi/m84046_240209_155715_s4.hifi_reads.bc2014.bam"",""/private/nanopore/basecalled/marmoset/Baguette/genomic_data/PacBio_HiFi/m84046_240218_112408_s3.hifi_reads.bc2014.bam"",""/private/nanopore/basecalled/marmoset/Baguette/genomic_data/PacBio_HiFi/m84046_240218_132334_s4.hifi_reads.bc2014.bam""]",,/private/groups/patenlab/mira/hprc_polishing/data/DeepPolisher_models/checkpoint-665.tar.gz,"""google/deepconsensus:polisher_v0.0.8_12122023""",/private/groups/patenlab/mira/t2t_primates_polishing/hprc_DeepPolisher/Baguette_hifiasm/analysis/hprc_DeepPolisher_outputs/polisher_output.no_filters.vcf.gz,/private/groups/patenlab/mira/t2t_primates_polishing/hprc_DeepPolisher/Baguette_hifiasm/analysis/hprc_DeepPolisher_outputs/secphase_v0.4.3.variant_blocks.bed,/private/groups/patenlab/mira/t2t_primates_polishing/hprc_DeepPolisher/Baguette_hifiasm/analysis/hprc_DeepPolisher_outputs/secphase_v0.4.3.modified_read_blocks.variants.bed,/private/groups/patenlab/mira/t2t_primates_polishing/hprc_DeepPolisher/Baguette_hifiasm/analysis/hprc_DeepPolisher_outputs/polisher_output.no_filters.vcf.gz,/private/groups/patenlab/mira/t2t_primates_polishing/hprc_DeepPolisher/Baguette_hifiasm/analysis/hprc_DeepPolisher_outputs/polisher_output.vcf.gz,/private/groups/patenlab/mira/t2t_primates_polishing/hprc_DeepPolisher/Baguette_hifiasm/analysis/hprc_DeepPolisher_outputs/Baguette_hifiasm.hifi.to.diploid.asm.PHARAOH.bam,/private/groups/patenlab/mira/t2t_primates_polishing/hprc_DeepPolisher/Baguette_hifiasm/analysis/hprc_DeepPolisher_outputs/Baguette_hifiasm.hifi.to.diploid.asm.PHARAOH.bam.bai,/private/groups/patenlab/mira/t2t_primates_polishing/hprc_DeepPolisher/Baguette_hifiasm/analysis/hprc_DeepPolisher_outputs/Baguette_hifiasm_Hap2.polished.fasta,/private/groups/patenlab/mira/t2t_primates_polishing/hprc_DeepPolisher/Baguette_hifiasm/analysis/hprc_DeepPolisher_outputs/Baguette_hifiasm_Hap1.polished.fasta,,
mGorGor1_60x,s3://genomeark/species/Gorilla_gorilla/mGorGor1/assembly_verkko_1.4.1r/mGorGor1.pat.20230906.fasta.gz,s3://genomeark/species/Gorilla_gorilla/mGorGor1/assembly_verkko_1.4.1r/mGorGor1.mat.20230906.fasta.gz,"[""s3://genomeark/species/Gorilla_gorilla/mGorGor1/assembly_verkko_1.4.1r/alignments/winnowmap.analysis-dip.HiFi.bam""]","[""s3://genomeark/species/Gorilla_gorilla/mGorGor1/assembly_verkko_1.4.1r/alignments/winnowmap.analysis-dip.ONT_nomethyl.bam""]",/private/groups/patenlab/mira/t2t_primates_polishing/reads/ilm/mGorGor1/bwa.analysis-dip.illumina.dedup.bam,141.048,0.44,108.68,/private/groups/patenlab/mira/t2t_primates_polishing/reads/hifi/mGorGor1/winnowmap.analysis-dip.HiFi.bam.60x.bam,38,/private/groups/patenlab/mira/hprc_polishing/data/DeepPolisher_models/checkpoint-665.tar.gz,"""google/deepconsensus:polisher_v0.0.8_12122023""",/private/groups/patenlab/mira/t2t_primates_polishing/hprc_DeepPolisher/mGorGor1_60x/analysis/hprc_DeepPolisher_outputs/polisher_output.no_filters.vcf.gz,/private/groups/patenlab/mira/t2t_primates_polishing/hprc_DeepPolisher/mGorGor1_60x/analysis/hprc_DeepPolisher_outputs/secphase_v0.4.3.modified_read_blocks.variants.bed,/private/groups/patenlab/mira/t2t_primates_polishing/hprc_DeepPolisher/mGorGor1_60x/analysis/hprc_DeepPolisher_outputs/secphase_v0.4.3.variant_blocks.bed,/private/groups/patenlab/mira/t2t_primates_polishing/hprc_DeepPolisher/mGorGor1_60x/analysis/hprc_DeepPolisher_outputs/polisher_output.no_filters.vcf.gz,/private/groups/patenlab/mira/t2t_primates_polishing/hprc_DeepPolisher/mGorGor1_60x/analysis/hprc_DeepPolisher_outputs/polisher_output.vcf.gz,/private/groups/patenlab/mira/t2t_primates_polishing/hprc_DeepPolisher/mGorGor1_60x/analysis/hprc_DeepPolisher_outputs/mGorGor1_60x.hifi.to.diploid.asm.PHARAOH.bam.bai,/private/groups/patenlab/mira/t2t_primates_polishing/hprc_DeepPolisher/mGorGor1_60x/analysis/hprc_DeepPolisher_outputs/mGorGor1_60x.hifi.to.diploid.asm.PHARAOH.bam,/private/groups/patenlab/mira/t2t_primates_polishing/hprc_DeepPolisher/mGorGor1_60x/analysis/hprc_DeepPolisher_outputs/mGorGor1_60x_Hap2.polished.fasta,/private/groups/patenlab/mira/t2t_primates_polishing/hprc_DeepPolisher/mGorGor1_60x/analysis/hprc_DeepPolisher_outputs/mGorGor1_60x_Hap1.polished.fasta,,
mPanPan1_60x,s3://genomeark/species/Pan_paniscus/mPanPan1/assembly_verkko_1.4.1r/mPanPan1.pat.20230906.fasta.gz,s3://genomeark/species/Pan_paniscus/mPanPan1/assembly_verkko_1.4.1r/mPanPan1.mat.20230906.fasta.gz,"[""s3://genomeark/species/Pan_paniscus/mPanPan1/assembly_verkko_1.4.1r/alignments/winnowmap.analysis-dip.HiFi.bam""]","[""s3://genomeark/species/Pan_paniscus/mPanPan1/assembly_verkko_1.4.1r/alignments/winnowmap.analysis-dip.ONT.bam""]",/private/groups/patenlab/mira/t2t_primates_polishing/reads/ilm/mPanPan1/bwa.analysis-dip.illumina.dedup.bam,161.139,0.38,369.961,/private/groups/patenlab/mira/t2t_primates_polishing/reads/hifi/mPanPan1/winnowmap.analysis-dip.HiFi.bam.60x.bam,23,/private/groups/patenlab/mira/hprc_polishing/data/DeepPolisher_models/checkpoint-665.tar.gz,"""google/deepconsensus:polisher_v0.0.8_12122023""",,,,,,,,,,,
mPanTro3_60x,s3://genomeark/species/Pan_troglodytes/mPanTro3/assembly_verkko_1.4.1r/mPanTro3.hap1.20230906.fasta.gz,s3://genomeark/species/Pan_troglodytes/mPanTro3/assembly_verkko_1.4.1r/mPanTro3.hap2.20230906.fasta.gz,"[""s3://genomeark/species/Pan_troglodytes/mPanTro3/assembly_verkko_1.4.1r/alignments/winnowmap.analysis-dip.HiFi.bam""]","[""s3://genomeark/species/Pan_troglodytes/mPanTro3/assembly_verkko_1.4.1r/alignments/winnowmap.analysis-dip.ONT.bam""]",/private/groups/patenlab/mira/t2t_primates_polishing/reads/ilm/mPanTro3/bwa.analysis-dip.illumina.dedup.bam,84.5195,0.73,341.213,/private/groups/patenlab/mira/t2t_primates_polishing/reads/hifi/mPanTro3/winnowmap.analysis-dip.HiFi.bam.60x.bam,26,/private/groups/patenlab/mira/hprc_polishing/data/DeepPolisher_models/checkpoint-665.tar.gz,"""google/deepconsensus:polisher_v0.0.8_12122023""",/private/groups/patenlab/mira/t2t_primates_polishing/hprc_DeepPolisher/mPanTro3_60x/analysis/hprc_DeepPolisher_outputs/polisher_output.no_filters.vcf.gz,/private/groups/patenlab/mira/t2t_primates_polishing/hprc_DeepPolisher/mPanTro3_60x/analysis/hprc_DeepPolisher_outputs/secphase_v0.4.3.modified_read_blocks.variants.bed,/private/groups/patenlab/mira/t2t_primates_polishing/hprc_DeepPolisher/mPanTro3_60x/analysis/hprc_DeepPolisher_outputs/secphase_v0.4.3.variant_blocks.bed,/private/groups/patenlab/mira/t2t_primates_polishing/hprc_DeepPolisher/mPanTro3_60x/analysis/hprc_DeepPolisher_outputs/polisher_output.no_filters.vcf.gz,/private/groups/patenlab/mira/t2t_primates_polishing/hprc_DeepPolisher/mPanTro3_60x/analysis/hprc_DeepPolisher_outputs/polisher_output.vcf.gz,/private/groups/patenlab/mira/t2t_primates_polishing/hprc_DeepPolisher/mPanTro3_60x/analysis/hprc_DeepPolisher_outputs/mPanTro3_60x.hifi.to.diploid.asm.PHARAOH.bam.bai,/private/groups/patenlab/mira/t2t_primates_polishing/hprc_DeepPolisher/mPanTro3_60x/analysis/hprc_DeepPolisher_outputs/mPanTro3_60x.hifi.to.diploid.asm.PHARAOH.bam,/private/groups/patenlab/mira/t2t_primates_polishing/hprc_DeepPolisher/mPanTro3_60x/analysis/hprc_DeepPolisher_outputs/mPanTro3_60x_Hap2.polished.fasta,/private/groups/patenlab/mira/t2t_primates_polishing/hprc_DeepPolisher/mPanTro3_60x/analysis/hprc_DeepPolisher_outputs/mPanTro3_60x_Hap1.polished.fasta,,
mPonAbe1_60x,s3://genomeark/species/Pongo_abelii/mPonAbe1/assembly_verkko_1.4.1r/mPonAbe1.hap1.20230906.fasta.gz,s3://genomeark/species/Pongo_abelii/mPonAbe1/assembly_verkko_1.4.1r/mPonAbe1.hap2.20230906.fasta.gz,"[""s3://genomeark/species/Pongo_abelii/mPonAbe1/assembly_verkko_1.4.1r/alignments/winnowmap.analysis-dip.HiFi.bam""]","[""s3://genomeark/species/Pongo_abelii/mPonAbe1/assembly_verkko_1.4.1r/alignments/winnowmap.analysis-dip.ONT.bam""]",/private/groups/patenlab/mira/t2t_primates_polishing/reads/ilm/mPonAbe1/bwa.analysis-dip.illumina.dedup.bam,126.857,0.49,209.229,/private/groups/patenlab/mira/t2t_primates_polishing/reads/hifi/mPonAbe1/winnowmap.analysis-dip.HiFi.bam.60x.bam,29,/private/groups/patenlab/mira/hprc_polishing/data/DeepPolisher_models/checkpoint-665.tar.gz,"""google/deepconsensus:polisher_v0.0.8_12122023""",/private/groups/patenlab/mira/t2t_primates_polishing/hprc_DeepPolisher/mPonAbe1_60x/analysis/hprc_DeepPolisher_outputs/polisher_output.no_filters.vcf.gz,/private/groups/patenlab/mira/t2t_primates_polishing/hprc_DeepPolisher/mPonAbe1_60x/analysis/hprc_DeepPolisher_outputs/secphase_v0.4.3.modified_read_blocks.variants.bed,/private/groups/patenlab/mira/t2t_primates_polishing/hprc_DeepPolisher/mPonAbe1_60x/analysis/hprc_DeepPolisher_outputs/secphase_v0.4.3.variant_blocks.bed,/private/groups/patenlab/mira/t2t_primates_polishing/hprc_DeepPolisher/mPonAbe1_60x/analysis/hprc_DeepPolisher_outputs/polisher_output.no_filters.vcf.gz,/private/groups/patenlab/mira/t2t_primates_polishing/hprc_DeepPolisher/mPonAbe1_60x/analysis/hprc_DeepPolisher_outputs/polisher_output.vcf.gz,/private/groups/patenlab/mira/t2t_primates_polishing/hprc_DeepPolisher/mPonAbe1_60x/analysis/hprc_DeepPolisher_outputs/mPonAbe1_60x.hifi.to.diploid.asm.PHARAOH.bam.bai,/private/groups/patenlab/mira/t2t_primates_polishing/hprc_DeepPolisher/mPonAbe1_60x/analysis/hprc_DeepPolisher_outputs/mPonAbe1_60x.hifi.to.diploid.asm.PHARAOH.bam,/private/groups/patenlab/mira/t2t_primates_polishing/hprc_DeepPolisher/mPonAbe1_60x/analysis/hprc_DeepPolisher_outputs/mPonAbe1_60x_Hap2.polished.fasta,/private/groups/patenlab/mira/t2t_primates_polishing/hprc_DeepPolisher/mPonAbe1_60x/analysis/hprc_DeepPolisher_outputs/mPonAbe1_60x_Hap1.polished.fasta,,
mPonPyg2_60x,s3://genomeark/species/Pongo_pygmaeus/mPonPyg2/assembly_verkko_1.4.1r/mPonPyg2.hap1.20230906.fasta.gz,s3://genomeark/species/Pongo_pygmaeus/mPonPyg2/assembly_verkko_1.4.1r/mPonPyg2.hap2.20230906.fasta.gz,"[""s3://genomeark/species/Pongo_pygmaeus/mPonPyg2/assembly_verkko_1.4.1r/alignments/winnowmap.analysis-dip.HiFi.bam""]","[""s3://genomeark/species/Pongo_pygmaeus/mPonPyg2/assembly_verkko_1.4.1r/alignments/winnowmap.analysis-dip.ONT.bam""]",/private/groups/patenlab/mira/t2t_primates_polishing/reads/ilm/mPonPyg2/bwa.analysis-dip.illumina.dedup.bam,81.0193,0.77,375.83,/private/groups/patenlab/mira/t2t_primates_polishing/reads/hifi/mPonPyg2/winnowmap.analysis-dip.HiFi.bam.60x.bam,24,/private/groups/patenlab/mira/hprc_polishing/data/DeepPolisher_models/checkpoint-665.tar.gz,"""google/deepconsensus:polisher_v0.0.8_12122023""",/private/groups/patenlab/mira/t2t_primates_polishing/hprc_DeepPolisher/mPonPyg2_60x/analysis/hprc_DeepPolisher_outputs/polisher_output.no_filters.vcf.gz,/private/groups/patenlab/mira/t2t_primates_polishing/hprc_DeepPolisher/mPonPyg2_60x/analysis/hprc_DeepPolisher_outputs/secphase_v0.4.3.modified_read_blocks.variants.bed,/private/groups/patenlab/mira/t2t_primates_polishing/hprc_DeepPolisher/mPonPyg2_60x/analysis/hprc_DeepPolisher_outputs/secphase_v0.4.3.variant_blocks.bed,/private/groups/patenlab/mira/t2t_primates_polishing/hprc_DeepPolisher/mPonPyg2_60x/analysis/hprc_DeepPolisher_outputs/polisher_output.no_filters.vcf.gz,/private/groups/patenlab/mira/t2t_primates_polishing/hprc_DeepPolisher/mPonPyg2_60x/analysis/hprc_DeepPolisher_outputs/polisher_output.vcf.gz,/private/groups/patenlab/mira/t2t_primates_polishing/hprc_DeepPolisher/mPonPyg2_60x/analysis/hprc_DeepPolisher_outputs/mPonPyg2_60x.hifi.to.diploid.asm.PHARAOH.bam.bai,/private/groups/patenlab/mira/t2t_primates_polishing/hprc_DeepPolisher/mPonPyg2_60x/analysis/hprc_DeepPolisher_outputs/mPonPyg2_60x.hifi.to.diploid.asm.PHARAOH.bam,/private/groups/patenlab/mira/t2t_primates_polishing/hprc_DeepPolisher/mPonPyg2_60x/analysis/hprc_DeepPolisher_outputs/mPonPyg2_60x_Hap2.polished.fasta,/private/groups/patenlab/mira/t2t_primates_polishing/hprc_DeepPolisher/mPonPyg2_60x/analysis/hprc_DeepPolisher_outputs/mPonPyg2_60x_Hap1.polished.fasta,,
mSymSyn1_60x,s3://genomeark/species/Symphalangus_syndactylus/mSymSyn1/assembly_verkko_1.4.1r/mSymSyn1.hap1.20230906.fasta.gz,s3://genomeark/species/Symphalangus_syndactylus/mSymSyn1/assembly_verkko_1.4.1r/mSymSyn1.hap2.20230906.fasta.gz,"[""s3://genomeark/species/Symphalangus_syndactylus/mSymSyn1/assembly_verkko_1.4.1r/alignments/winnowmap.analysis-dip.HiFi.bam""]","[""s3://genomeark/species/Symphalangus_syndactylus/mSymSyn1/assembly_verkko_1.4.1r/alignments/winnowmap.analysis-dip.ONT.bam""]",/private/groups/patenlab/mira/t2t_primates_polishing/reads/ilm/mSymSyn1/bwa.analysis-dip.illumina.dedup.30x.bam,98.0202,0.63,310.033,/private/groups/patenlab/mira/t2t_primates_polishing/reads/hifi/mSymSyn1/winnowmap.analysis-dip.HiFi.bam.60x.bam,30,/private/groups/patenlab/mira/hprc_polishing/data/DeepPolisher_models/checkpoint-665.tar.gz,"""google/deepconsensus:polisher_v0.0.8_12122023""",/private/groups/patenlab/mira/t2t_primates_polishing/hprc_DeepPolisher/mSymSyn1_60x/analysis/hprc_DeepPolisher_outputs/polisher_output.no_filters.vcf.gz,/private/groups/patenlab/mira/t2t_primates_polishing/hprc_DeepPolisher/mSymSyn1_60x/analysis/hprc_DeepPolisher_outputs/secphase_v0.4.3.modified_read_blocks.variants.bed,/private/groups/patenlab/mira/t2t_primates_polishing/hprc_DeepPolisher/mSymSyn1_60x/analysis/hprc_DeepPolisher_outputs/secphase_v0.4.3.variant_blocks.bed,/private/groups/patenlab/mira/t2t_primates_polishing/hprc_DeepPolisher/mSymSyn1_60x/analysis/hprc_DeepPolisher_outputs/polisher_output.no_filters.vcf.gz,/private/groups/patenlab/mira/t2t_primates_polishing/hprc_DeepPolisher/mSymSyn1_60x/analysis/hprc_DeepPolisher_outputs/polisher_output.vcf.gz,/private/groups/patenlab/mira/t2t_primates_polishing/hprc_DeepPolisher/mSymSyn1_60x/analysis/hprc_DeepPolisher_outputs/mSymSyn1_60x.hifi.to.diploid.asm.PHARAOH.bam.bai,/private/groups/patenlab/mira/t2t_primates_polishing/hprc_DeepPolisher/mSymSyn1_60x/analysis/hprc_DeepPolisher_outputs/mSymSyn1_60x.hifi.to.diploid.asm.PHARAOH.bam,/private/groups/patenlab/mira/t2t_primates_polishing/hprc_DeepPolisher/mSymSyn1_60x/analysis/hprc_DeepPolisher_outputs/mSymSyn1_60x_Hap2.polished.fasta,/private/groups/patenlab/mira/t2t_primates_polishing/hprc_DeepPolisher/mSymSyn1_60x/analysis/hprc_DeepPolisher_outputs/mSymSyn1_60x_Hap1.polished.fasta,,