sample_id,readType,kmerSize,reads,memSize
PAN028_ilm_k21,ilm,21,"[""/private/groups/migalab/mcechova/washu/Illumina/PAN028.cell.HTTMGDSX2_AATCTTGAGC-TGTGGACCAC_L002_R1.fastq.gz"",""/private/groups/migalab/mcechova/washu/Illumina/PAN028.cell.HTTMGDSX2_AATCTTGAGC-TGTGGACCAC_L002_R2.fastq.gz""]",400
PAN010_ilm_k21,ilm,21,"[""/private/groups/migalab/mcechova/washu/Illumina/PAN010.cell.HTMKJDSX2_TCGCTCTGGA-TACTCAGCTG_L004_R1.fastq.gz"",""/private/groups/migalab/mcechova/washu/Illumina/PAN010.cell.HTMKJDSX2_TCGCTCTGGA-TACTCAGCTG_L004_R2.fastq.gz"",""/private/groups/migalab/mcechova/washu/Illumina/PAN010.cell.HTTMGDSX2_TCGCTCTGGA-TACTCAGCTG_L002_R1.fastq.gz"",""/private/groups/migalab/mcechova/washu/Illumina/PAN010.cell.HTTMGDSX2_TCGCTCTGGA-TACTCAGCTG_L002_R2.fastq.gz""]",400
PAN011_ilm_k21,ilm,21,"[""/private/groups/migalab/mcechova/washu/Illumina/PAN011.cell.HTMKJDSX2_CGGCGTTCTA-GAGTTGAGGC_L004_R1.fastq.gz"",""/private/groups/migalab/mcechova/washu/Illumina/PAN011.cell.HTMKJDSX2_CGGCGTTCTA-GAGTTGAGGC_L004_R2.fastq.gz"",""/private/groups/migalab/mcechova/washu/Illumina/PAN011.cell.HTTMGDSX2_CGGCGTTCTA-GAGTTGAGGC_L002_R1.fastq.gz"",""/private/groups/migalab/mcechova/washu/Illumina/PAN011.cell.HTTMGDSX2_CGGCGTTCTA-GAGTTGAGGC_L002_R2.fastq.gz""]",400
PAN027_ilm_k21,ilm,21,"[""/private/groups/migalab/mcechova/washu/Illumina/PAN027.cell.HTTMGDSX2_CCTGCAAGAC-GCATCATAGC_L002_R1.fastq.gz"", ""/private/groups/migalab/mcechova/washu/Illumina/PAN027.cell.HTTMGDSX2_CCTGCAAGAC-GCATCATAGC_L002_R2.fastq.gz""]",400
PAN010_ilm_k31,ilm,31,"[""/private/groups/migalab/mcechova/washu/Illumina/PAN010.cell.HTMKJDSX2_TCGCTCTGGA-TACTCAGCTG_L004_R1.fastq.gz"",""/private/groups/migalab/mcechova/washu/Illumina/PAN010.cell.HTMKJDSX2_TCGCTCTGGA-TACTCAGCTG_L004_R2.fastq.gz"",""/private/groups/migalab/mcechova/washu/Illumina/PAN010.cell.HTTMGDSX2_TCGCTCTGGA-TACTCAGCTG_L002_R1.fastq.gz"",""/private/groups/migalab/mcechova/washu/Illumina/PAN010.cell.HTTMGDSX2_TCGCTCTGGA-TACTCAGCTG_L002_R2.fastq.gz""]",400
PAN028_ilm_k31,ilm,31,"[""/private/groups/migalab/mcechova/washu/Illumina/PAN028.cell.HTTMGDSX2_AATCTTGAGC-TGTGGACCAC_L002_R1.fastq.gz"",""/private/groups/migalab/mcechova/washu/Illumina/PAN028.cell.HTTMGDSX2_AATCTTGAGC-TGTGGACCAC_L002_R2.fastq.gz""]",400
PAN027_ilm_k31,ilm,31,"[""/private/groups/migalab/mcechova/washu/Illumina/PAN027.cell.HTTMGDSX2_CCTGCAAGAC-GCATCATAGC_L002_R1.fastq.gz"", ""/private/groups/migalab/mcechova/washu/Illumina/PAN027.cell.HTTMGDSX2_CCTGCAAGAC-GCATCATAGC_L002_R2.fastq.gz""]",400
PAN027_hifi_k21,hifi,21,"[""/private/groups/migalab/mcechova/washu/PacBio/DC1.2/blood/PAN027.MGISTL-PAN027.m64043_210925_220058.dc.q20.fastq.gz"", ""/private/groups/migalab/mcechova/washu/PacBio/DC1.2/blood/PAN027.MGISTL-PAN027.m64043_210927_090130.dc.q20.fastq.gz"", ""/private/groups/migalab/mcechova/washu/PacBio/DC1.2/blood/PAN027.MGISTL-PAN027.m64136_210423_181015.dc.q20.fastq.gz"", ""/private/groups/migalab/mcechova/washu/PacBio/DC1.2/blood/PAN027.MGISTL-PAN027.m64136_210425_000914.dc.q20.fastq.gz"", ""/private/groups/migalab/mcechova/washu/PacBio/DC1.2/blood/PAN027.MGISTL-PAN027.m64136_210426_185548.dc.q20.fastq.gz"", ""/private/groups/migalab/mcechova/washu/PacBio/DC1.2/blood/PAN027.MGISTL-PAN027.m64136_210428_005505.dc.q20.fastq.gz""]",400
PAN010_hifi_k21,hifi,21,"[""/private/groups/migalab/mcechova/washu/PacBio/DC1.2/PAN010.MGISTL-PAN010.m64043_210416_171718.dc.q20.fastq.gz"",""/private/groups/migalab/mcechova/washu/PacBio/DC1.2/PAN010.MGISTL-PAN010.m64043_210418_021436.dc.q20.fastq.gz"",""/private/groups/migalab/mcechova/washu/PacBio/DC1.2/PAN010.MGISTL-PAN010.m64043_210420_151018.dc.q20.fastq.gz"",""/private/groups/migalab/mcechova/washu/PacBio/DC1.2/PAN010.MGISTL-PAN010.m64043_210421_224017.dc.q20.fastq.gz""]",400
PAN011_hifi_k21,hifi,21,"[""/private/groups/migalab/mcechova/washu/PacBio/DC1.2/PAN011.MGISTL-PAN011.m64136_210506_183715.dc.q20.fastq.gz"",""/private/groups/migalab/mcechova/washu/PacBio/DC1.2/PAN011.MGISTL-PAN011.m64136_210508_020125.dc.q20.fastq.gz"",""/private/groups/migalab/mcechova/washu/PacBio/DC1.2/PAN011.MGISTL-PAN011.m64136_210509_092431.dc.q20.fastq.gz"",""/private/groups/migalab/mcechova/washu/PacBio/DC1.2/PAN011.MGISTL-PAN011.m64136_210510_164711.dc.q20.fastq.gz""]",400
PAN028_hifi_k21,hifi,21,"[""/private/groups/migalab/mcechova/washu/PacBio/DC1.2/PAN028.MGISTL-PAN028.m64136_210429_180938.dc.q20.fastq.gz"",""/private/groups/migalab/mcechova/washu/PacBio/DC1.2/PAN028.MGISTL-PAN028.m64136_210501_013313.dc.q20.fastq.gz"",""/private/groups/migalab/mcechova/washu/PacBio/DC1.2/PAN028.MGISTL-PAN028.m64136_210503_174237.dc.q20.fastq.gz"",""/private/groups/migalab/mcechova/washu/PacBio/DC1.2/PAN028.MGISTL-PAN028.m64136_210505_005712.dc.q20.fastq.gz""]",400
PAN027_hifi_k31,hifi,31,"[""/private/groups/migalab/mcechova/washu/PacBio/DC1.2/blood/PAN027.MGISTL-PAN027.m64043_210925_220058.dc.q20.fastq.gz"", ""/private/groups/migalab/mcechova/washu/PacBio/DC1.2/blood/PAN027.MGISTL-PAN027.m64043_210927_090130.dc.q20.fastq.gz"", ""/private/groups/migalab/mcechova/washu/PacBio/DC1.2/blood/PAN027.MGISTL-PAN027.m64136_210423_181015.dc.q20.fastq.gz"", ""/private/groups/migalab/mcechova/washu/PacBio/DC1.2/blood/PAN027.MGISTL-PAN027.m64136_210425_000914.dc.q20.fastq.gz"", ""/private/groups/migalab/mcechova/washu/PacBio/DC1.2/blood/PAN027.MGISTL-PAN027.m64136_210426_185548.dc.q20.fastq.gz"", ""/private/groups/migalab/mcechova/washu/PacBio/DC1.2/blood/PAN027.MGISTL-PAN027.m64136_210428_005505.dc.q20.fastq.gz""]",400
PAN010_hifi_k31,hifi,31,"[""/private/groups/migalab/mcechova/washu/PacBio/DC1.2/PAN010.MGISTL-PAN010.m64043_210416_171718.dc.q20.fastq.gz"",""/private/groups/migalab/mcechova/washu/PacBio/DC1.2/PAN010.MGISTL-PAN010.m64043_210418_021436.dc.q20.fastq.gz"",""/private/groups/migalab/mcechova/washu/PacBio/DC1.2/PAN010.MGISTL-PAN010.m64043_210420_151018.dc.q20.fastq.gz"",""/private/groups/migalab/mcechova/washu/PacBio/DC1.2/PAN010.MGISTL-PAN010.m64043_210421_224017.dc.q20.fastq.gz""]",400
PAN011_hifi_k31,hifi,31,"[""/private/groups/migalab/mcechova/washu/PacBio/DC1.2/PAN011.MGISTL-PAN011.m64136_210506_183715.dc.q20.fastq.gz"",""/private/groups/migalab/mcechova/washu/PacBio/DC1.2/PAN011.MGISTL-PAN011.m64136_210508_020125.dc.q20.fastq.gz"",""/private/groups/migalab/mcechova/washu/PacBio/DC1.2/PAN011.MGISTL-PAN011.m64136_210509_092431.dc.q20.fastq.gz"",""/private/groups/migalab/mcechova/washu/PacBio/DC1.2/PAN011.MGISTL-PAN011.m64136_210510_164711.dc.q20.fastq.gz""]",400
PAN028_hifi_k31,hifi,31,"[""/private/groups/migalab/mcechova/washu/PacBio/DC1.2/PAN028.MGISTL-PAN028.m64136_210429_180938.dc.q20.fastq.gz"",""/private/groups/migalab/mcechova/washu/PacBio/DC1.2/PAN028.MGISTL-PAN028.m64136_210501_013313.dc.q20.fastq.gz"",""/private/groups/migalab/mcechova/washu/PacBio/DC1.2/PAN028.MGISTL-PAN028.m64136_210503_174237.dc.q20.fastq.gz"",""/private/groups/migalab/mcechova/washu/PacBio/DC1.2/PAN028.MGISTL-PAN028.m64136_210505_005712.dc.q20.fastq.gz""]",400
PAN027_ele_k21,ele,21,"[""/private/groups/migalab/mcechova/element/washu-ucsc/bases2fastq/KOL-0841__c22b964ca76a4e40b297dff6b3b37007/Samples/6807/6807_R1.fastq.gz"",""/private/groups/migalab/mcechova/element/washu-ucsc/bases2fastq/KOL-0841__c22b964ca76a4e40b297dff6b3b37007/Samples/6807/6807_R2.fastq.gz""]",400
PAN010_ele_k21,ele,21,"[""/private/groups/migalab/mcechova/element/washu-ucsc/bases2fastq/KOL-0872__dc8df09cedb341d19649fd46048aee5d/Samples/6803/6803_R1.fastq.gz"",""/private/groups/migalab/mcechova/element/washu-ucsc/bases2fastq/KOL-0872__dc8df09cedb341d19649fd46048aee5d/Samples/6803/6803_R2.fastq.gz""]",400
PAN011_ele_k21,ele,21,"[""/private/groups/migalab/mcechova/element/washu-ucsc/bases2fastq/KOL-0830__3f44a552ae284f5e8b88c5939374ad05/Samples/6804/6804_R1.fastq.gz"",""/private/groups/migalab/mcechova/element/washu-ucsc/bases2fastq/KOL-0830__3f44a552ae284f5e8b88c5939374ad05/Samples/6804/6804_R2.fastq.gz""]",400
PAN028_ele_k21,ele,21,"[""/private/groups/migalab/mcechova/element/washu-ucsc/bases2fastq/KOL-0843__eeedb9fab5914a9fb0c47f0d50637b09/Samples/6808/6808_R1.fastq.gz"",""/private/groups/migalab/mcechova/element/washu-ucsc/bases2fastq/KOL-0843__eeedb9fab5914a9fb0c47f0d50637b09/Samples/6808/6808_R2.fastq.gz""]",400
PAN027_ele_k31,ele,31,"[""/private/groups/migalab/mcechova/element/washu-ucsc/bases2fastq/KOL-0841__c22b964ca76a4e40b297dff6b3b37007/Samples/6807/6807_R1.fastq.gz"",""/private/groups/migalab/mcechova/element/washu-ucsc/bases2fastq/KOL-0841__c22b964ca76a4e40b297dff6b3b37007/Samples/6807/6807_R2.fastq.gz""]",400
PAN010_ele_k31,ele,31,"[""/private/groups/migalab/mcechova/element/washu-ucsc/bases2fastq/KOL-0872__dc8df09cedb341d19649fd46048aee5d/Samples/6803/6803_R1.fastq.gz"",""/private/groups/migalab/mcechova/element/washu-ucsc/bases2fastq/KOL-0872__dc8df09cedb341d19649fd46048aee5d/Samples/6803/6803_R2.fastq.gz""]",400
PAN011_ele_k31,ele,31,"[""/private/groups/migalab/mcechova/element/washu-ucsc/bases2fastq/KOL-0830__3f44a552ae284f5e8b88c5939374ad05/Samples/6804/6804_R1.fastq.gz"",""/private/groups/migalab/mcechova/element/washu-ucsc/bases2fastq/KOL-0830__3f44a552ae284f5e8b88c5939374ad05/Samples/6804/6804_R2.fastq.gz""]",400
PAN028_ele_k31,ele,31,"[""/private/groups/migalab/mcechova/element/washu-ucsc/bases2fastq/KOL-0843__eeedb9fab5914a9fb0c47f0d50637b09/Samples/6808/6808_R1.fastq.gz"",""/private/groups/migalab/mcechova/element/washu-ucsc/bases2fastq/KOL-0843__eeedb9fab5914a9fb0c47f0d50637b09/Samples/6808/6808_R2.fastq.gz""]",400